,task_id,data_id,run_url
0,3,3,https://www.openml.org/r/4034676
1,6,6,https://www.openml.org/r/4034726
2,11,11,https://www.openml.org/r/10414740
5,15,15,https://www.openml.org/r/1874237
7,18,18,https://www.openml.org/r/2081467
10,23,23,https://www.openml.org/r/2088465
11,24,24,https://www.openml.org/r/1860477
13,29,29,https://www.openml.org/r/1874302
14,31,31,https://www.openml.org/r/2083190
15,32,32,https://www.openml.org/r/10406775
16,36,36,https://www.openml.org/r/2072860
17,37,37,https://www.openml.org/r/10413728
18,41,42,https://www.openml.org/r/1874347
21,49,50,https://www.openml.org/r/6059827
22,53,54,https://www.openml.org/r/2088193
25,2074,182,https://www.openml.org/r/2088255
26,2079,188,https://www.openml.org/r/1874419
27,3021,38,https://www.openml.org/r/1861219
28,3022,307,https://www.openml.org/r/2088246
31,3492,333,https://www.openml.org/r/1863560
32,3493,334,https://www.openml.org/r/2088612
33,3494,335,https://www.openml.org/r/2088433
34,3510,375,https://www.openml.org/r/2088507
36,3543,451,https://www.openml.org/r/9204556
38,3560,469,https://www.openml.org/r/2088430
39,3561,470,https://www.openml.org/r/1860516
42,3899,1046,https://www.openml.org/r/2088078
43,3902,1049,https://www.openml.org/r/2088175
44,3903,1050,https://www.openml.org/r/1874597
45,3904,1053,https://www.openml.org/r/1874599
46,3913,1063,https://www.openml.org/r/4156861
47,3917,1067,https://www.openml.org/r/1874620
48,3918,1068,https://www.openml.org/r/10154856
51,3954,1120,https://www.openml.org/r/8794724
53,9946,1510,https://www.openml.org/r/2088249
55,9952,1489,https://www.openml.org/r/2088223
60,9960,1497,https://www.openml.org/r/2088112
62,9967,1504,https://www.openml.org/r/1836587
64,9971,1480,https://www.openml.org/r/1860553
68,9979,1466,https://www.openml.org/r/2088641
69,9980,1467,https://www.openml.org/r/4191080
71,9983,1471,https://www.openml.org/r/10415836
74,10093,1462,https://www.openml.org/r/10413993
75,10101,1464,https://www.openml.org/r/2088496
76,14964,1459,https://www.openml.org/r/1874895
79,14967,23380,https://www.openml.org/r/1868544
81,14969,4538,https://www.openml.org/r/2087622
83,34537,4534,https://www.openml.org/r/2088616
85,125920,23381,https://www.openml.org/r/4561383
86,125921,40496,https://www.openml.org/r/2087836
